{"event": "device_motion", "data": {"x": -0.03690879621535309, "y": 1.498677582722984, "z": 4.675430272723056, "ax": 0, "ay": 0, "az": 0, "h": 70, "q": 0, "ears": 50, "landscape": false, "mirror": true, "heightCtrl": false, "headCtrl": true, "yaw": 0, "time": 1674754252, "portrait": true}}
{"event": "device_motion", "data": {"x": -0.03737192610463248, "y": 1.4992713116056369, "z": 4.674758776139047, "ax": 0, "ay": 0, "az": 0, "h": 70, "q": 0, "ears": 50, "landscape": false, "mirror": true, "heightCtrl": false, "headCtrl": true, "yaw": 0, "time": 1674754252, "portrait": true}}
{"event": "device_motion", "data": {"x": -0.03680702261105645, "y": 1.498786399294574, "z": 0.00017255438552225816, "ax": 0, "ay": 0, "az": 0, "h": 70, "q": 0, "ears": 50, "landscape": false, "mirror": true, "heightCtrl": false, "headCtrl": true, "yaw": 0, "time": 1674754253, "portrait": true}}
{"event": "device_motion", "data": {"x": -0.037006642116465746, "y": 1.498811440609694, "z": 0.00013401415666504528, "ax": 0, "ay": 0, "az": 0, "h": 70, "q": 0, "ears": 50, "landscape": false, "mirror": true, "heightCtrl": false, "headCtrl": true, "yaw": 0, "time": 1674754253, "portrait": true}}
{"event": "device_motion", "data": {"x": -0.03691321873221984, "y": 1.4989751692918232, "z": 0.00012439488058080774, "ax": 0, "ay": 0, "az": 0, "h": 70, "q": 0, "ears": 50, "landscape": false, "mirror": true, "heightCtrl": false, "headCtrl": true, "yaw": 0, "time": 1674754253, "portrait": true}}
{"event": "device_motion", "data": {"x": -0.03683309070448647, "y": 1.4988279881515258, "z": 0.0002377314380321177, "ax": 0, "ay": 0, "az": 0, "h": 70, "q": 0, "ears": 50, "landscape": false, "mirror": true, "heightCtrl": false, "headCtrl": true, "yaw": 0, "time": 1674754253, "portrait": true}}
{"event": "device_motion", "data": {"x": -0.03681005724445957, "y": 1.4986810550884364, "z": 0.00021720523612865628, "ax": 0, "ay": 0, "az": 0, "h": 70, "q": 0, "ears": 50, "landscape": false, "mirror": true, "heightCtrl": false, "headCtrl": true, "yaw": 0, "time": 1674754253, "portrait": true}}
{"event": "device_motion", "data": {"x": -0.03670278612564547, "y": 1.4987138191032299, "z": 0.00017245445488256336, "ax": 0, "ay": 0, "az": 0, "h": 70, "q": 0, "ears": 50, "landscape": false, "mirror": true, "heightCtrl": false, "headCtrl": true, "yaw": 0, "time": 1674754253, "portrait": true}}
{"event": "device_motion", "data": {"x": -0.036829468103331396, "y": 1.498688567661727, "z": 0.00019464257632315223, "ax": 0, "ay": 0, "az": 0, "h": 70, "q": 0, "ears": 50, "landscape": false, "mirror": true, "heightCtrl": false, "headCtrl": true, "yaw": 0, "time": 1674754253, "portrait": true}}
{"event": "device_motion", "data": {"x": -0.03671389853408737, "y": 1.4985703419108976, "z": 0.00027310488519940806, "ax": 0, "ay": 0, "az": 0, "h": 70, "q": 0, "ears": 50, "landscape": false, "mirror": true, "heightCtrl": false, "headCtrl": true, "yaw": 0, "time": 1674754253, "portrait": true}}
{"event": "device_motion", "data": {"x": -0.03680155045120985, "y": 1.498864777797293, "z": 0.00010861540400663617, "ax": 0, "ay": 0, "az": 0, "h": 70, "q": 0, "ears": 50, "landscape": false, "mirror": true, "heightCtrl": false, "headCtrl": true, "yaw": 0, "time": 1674754253, "portrait": true}}
{"event": "device_motion", "data": {"x": -0.036851749828014216, "y": 1.4988955113914506, "z": 0.0002760617256513798, "ax": 0, "ay": 0, "az": 0, "h": 70, "q": 0, "ears": 50, "landscape": false, "mirror": true, "heightCtrl": false, "headCtrl": true, "yaw": 0, "time": 1674754253, "portrait": true}}
{"event": "device_motion", "data": {"x": -0.036987142309463816, "y": 1.4989249652275207, "z": 0.00036734698202590076, "ax": 0, "ay": 0, "az": 0, "h": 70, "q": 0, "ears": 50, "landscape": false, "mirror": true, "heightCtrl": false, "headCtrl": true, "yaw": 0, "time": 1674754253, "portrait": true}}
{"event": "device_motion", "data": {"x": -0.0369146576394867, "y": 1.4991424231349741, "z": 0.0003364042045695421, "ax": 0, "ay": 0, "az": 0, "h": 70, "q": 0, "ears": 50, "landscape": false, "mirror": true, "heightCtrl": false, "headCtrl": true, "yaw": 0, "time": 1674754253, "portrait": true}}
{"event": "device_motion", "data": {"x": -0.03677113174836635, "y": 1.4989477242369769, "z": 0.0005374992010170506, "ax": 0, "ay": 0, "az": 0, "h": 70, "q": 0, "ears": 50, "landscape": false, "mirror": true, "heightCtrl": false, "headCtrl": true, "yaw": 0, "time": 1674754253, "portrait": true}}
{"event": "device_motion", "data": {"x": -0.036837125580618836, "y": 1.4988787845554372, "z": 0.000497368185001334, "ax": 0, "ay": 0, "az": 0, "h": 70, "q": 0, "ears": 50, "landscape": false, "mirror": true, "heightCtrl": false, "headCtrl": true, "yaw": 0, "time": 1674754253, "portrait": true}}
{"event": "device_motion", "data": {"x": -0.036782877156173864, "y": 1.4989067478279938, "z": 0.0002450407087971473, "ax": 0, "ay": 0, "az": 0, "h": 70, "q": 0, "ears": 50, "landscape": false, "mirror": true, "heightCtrl": false, "headCtrl": true, "yaw": 0, "time": 1674754253, "portrait": true}}
{"event": "device_motion", "data": {"x": -0.036872686577403856, "y": 1.4991745335632807, "z": 0.0004271076760000674, "ax": 0, "ay": 0, "az": 0, "h": 70, "q": 0, "ears": 50, "landscape": false, "mirror": true, "heightCtrl": false, "headCtrl": true, "yaw": 0, "time": 1674754254, "portrait": true}}
{"event": "device_motion", "data": {"x": -0.0369004271662989, "y": 1.499040487842752, "z": 0.0006012708629679031, "ax": 0, "ay": 0, "az": 0, "h": 70, "q": 0, "ears": 50, "landscape": false, "mirror": true, "heightCtrl": false, "headCtrl": true, "yaw": 0, "time": 1674754254, "portrait": true}}
{"event": "device_motion", "data": {"x": -0.03688324165617646, "y": 1.4974970690788685, "z": 6.281768258744105, "ax": 0, "ay": 0, "az": 0, "h": 70, "q": 0, "ears": 50, "landscape": false, "mirror": true, "heightCtrl": false, "headCtrl": true, "yaw": 0, "time": 1674754254, "portrait": true}}
{"event": "device_motion", "data": {"x": -0.036498082574133665, "y": 1.4994013680435094, "z": 0.001549683843259698, "ax": 0, "ay": 0, "az": 0, "h": 70, "q": 0, "ears": 50, "landscape": false, "mirror": true, "heightCtrl": false, "headCtrl": true, "yaw": 0, "time": 1674754254, "portrait": true}}
