{"event": "device_motion", "data": {"x": -0.036649849959716756, "y": 1.496674806965156, "z": 4.6756169030008, "ax": 0, "ay": 0, "az": 0, "h": 70, "q": 0, "ears": 50, "landscape": false, "mirror": true, "heightCtrl": false, "headCtrl": true, "yaw": 0, "time": 1674755551774, "portrait": true}}
{"event": "device_motion", "data": {"x": -0.037068645961374776, "y": 1.4969542309181654, "z": 4.675112988835066, "ax": 0, "ay": 0, "az": 0, "h": 70, "q": 0, "ears": 50, "landscape": false, "mirror": true, "heightCtrl": false, "headCtrl": true, "yaw": 0, "time": 1674755551780, "portrait": true}}
{"event": "device_motion", "data": {"x": -0.036751357870601145, "y": 1.4970193532703786, "z": 4.674956476309713, "ax": 0, "ay": 0, "az": 0, "h": 70, "q": 0, "ears": 50, "landscape": false, "mirror": true, "heightCtrl": false, "headCtrl": true, "yaw": 0, "time": 1674755551866, "portrait": true}}
{"event": "device_motion", "data": {"x": -0.03659625726754846, "y": 1.4963121606802128, "z": 4.67515014279445, "ax": 0, "ay": 0, "az": 0, "h": 70, "q": 0, "ears": 50, "landscape": false, "mirror": true, "heightCtrl": false, "headCtrl": true, "yaw": 0, "time": 1674755551881, "portrait": true}}
{"event": "device_motion", "data": {"x": -0.03658042870882649, "y": 1.4967682463849599, "z": 0.0001137630020824961, "ax": 0, "ay": 0, "az": 0, "h": 70, "q": 0, "ears": 50, "landscape": false, "mirror": true, "heightCtrl": false, "headCtrl": true, "yaw": 0, "time": 1674755551949, "portrait": true}}
{"event": "device_motion", "data": {"x": -0.036657223865477456, "y": 1.4967951888996434, "z": 6.282673095622518, "ax": 0, "ay": 0, "az": 0, "h": 70, "q": 0, "ears": 50, "landscape": false, "mirror": true, "heightCtrl": false, "headCtrl": true, "yaw": 0, "time": 1674755552026, "portrait": true}}
{"event": "device_motion", "data": {"x": -0.03640418014683585, "y": 1.496280529668037, "z": 6.283185011586776, "ax": 0, "ay": 0, "az": 0, "h": 70, "q": 0, "ears": 50, "landscape": false, "mirror": true, "heightCtrl": false, "headCtrl": true, "yaw": 0, "time": 1674755552091, "portrait": true}}
{"event": "device_motion", "data": {"x": -0.036626731918778306, "y": 1.4967606769781803, "z": 6.282902425539931, "ax": 0, "ay": 0, "az": 0, "h": 70, "q": 0, "ears": 50, "landscape": false, "mirror": true, "heightCtrl": false, "headCtrl": true, "yaw": 0, "time": 1674755552149, "portrait": true}}
{"event": "device_motion", "data": {"x": -0.03659301831164342, "y": 1.4965293875229988, "z": 6.283073774110468, "ax": 0, "ay": 0, "az": 0, "h": 70, "q": 0, "ears": 50, "landscape": false, "mirror": true, "heightCtrl": false, "headCtrl": true, "yaw": 0, "time": 1674755552209, "portrait": true}}
{"event": "device_motion", "data": {"x": -0.036832076593970815, "y": 1.4967268055589285, "z": 6.282979142530782, "ax": 0, "ay": 0, "az": 0, "h": 70, "q": 0, "ears": 50, "landscape": false, "mirror": true, "heightCtrl": false, "headCtrl": true, "yaw": 0, "time": 1674755552277, "portrait": true}}
{"event": "device_motion", "data": {"x": -0.03677305412576063, "y": 1.4969540723733714, "z": 6.2829052694966085, "ax": 0, "ay": 0, "az": 0, "h": 70, "q": 0, "ears": 50, "landscape": false, "mirror": true, "heightCtrl": false, "headCtrl": true, "yaw": 0, "time": 1674755552393, "portrait": true}}
{"event": "device_motion", "data": {"x": -0.03670987047958918, "y": 1.4967866012621067, "z": 6.282971503912677, "ax": 0, "ay": 0, "az": 0, "h": 70, "q": 0, "ears": 50, "landscape": false, "mirror": true, "heightCtrl": false, "headCtrl": true, "yaw": 0, "time": 1674755552400, "portrait": true}}
{"event": "device_motion", "data": {"x": -0.03678471407871042, "y": 1.4967625212684823, "z": 6.282868317053638, "ax": 0, "ay": 0, "az": 0, "h": 70, "q": 0, "ears": 50, "landscape": false, "mirror": true, "heightCtrl": false, "headCtrl": true, "yaw": 0, "time": 1674755552477, "portrait": true}}
{"event": "device_motion", "data": {"x": -0.036701809919478676, "y": 1.4967336645528329, "z": 6.282861587192988, "ax": 0, "ay": 0, "az": 0, "h": 70, "q": 0, "ears": 50, "landscape": false, "mirror": true, "heightCtrl": false, "headCtrl": true, "yaw": 0, "time": 1674755552528, "portrait": true}}
{"event": "device_motion", "data": {"x": -0.03667885026256494, "y": 1.4967475857840762, "z": 6.282924959927478, "ax": 0, "ay": 0, "az": 0, "h": 70, "q": 0, "ears": 50, "landscape": false, "mirror": true, "heightCtrl": false, "headCtrl": true, "yaw": 0, "time": 1674755552578, "portrait": true}}
{"event": "device_motion", "data": {"x": -0.036733287977320866, "y": 1.4968089868000678, "z": 6.282763869201802, "ax": 0, "ay": 0, "az": 0, "h": 70, "q": 0, "ears": 50, "landscape": false, "mirror": true, "heightCtrl": false, "headCtrl": true, "yaw": 0, "time": 1674755552642, "portrait": true}}
{"event": "device_motion", "data": {"x": -0.03667270189223691, "y": 1.4967439706459589, "z": 6.282812914220956, "ax": 0, "ay": 0, "az": 0, "h": 70, "q": 0, "ears": 50, "landscape": false, "mirror": true, "heightCtrl": false, "headCtrl": true, "yaw": 0, "time": 1674755552702, "portrait": true}}
{"event": "device_motion", "data": {"x": -0.036814782884506875, "y": 1.496795567610125, "z": 6.282557094123247, "ax": 0, "ay": 0, "az": 0, "h": 70, "q": 0, "ears": 50, "landscape": false, "mirror": true, "heightCtrl": false, "headCtrl": true, "yaw": 0, "time": 1674755552753, "portrait": true}}
{"event": "device_motion", "data": {"x": -0.03667504231913017, "y": 1.4967700017933672, "z": 6.282756742466711, "ax": 0, "ay": 0, "az": 0, "h": 70, "q": 0, "ears": 50, "landscape": false, "mirror": true, "heightCtrl": false, "headCtrl": true, "yaw": 0, "time": 1674755552917, "portrait": true}}
{"event": "device_motion", "data": {"x": -0.036817134149017425, "y": 1.496834172110177, "z": 6.282554723543908, "ax": 0, "ay": 0, "az": 0, "h": 70, "q": 0, "ears": 50, "landscape": false, "mirror": true, "heightCtrl": false, "headCtrl": true, "yaw": 0, "time": 1674755552921, "portrait": true}}
{"event": "device_motion", "data": {"x": -0.036810113187733154, "y": 1.4968709838159877, "z": 6.282588690128617, "ax": 0, "ay": 0, "az": 0, "h": 70, "q": 0, "ears": 50, "landscape": false, "mirror": true, "heightCtrl": false, "headCtrl": true, "yaw": 0, "time": 1674755552970, "portrait": true}}
{"event": "device_motion", "data": {"x": -0.03685905751528079, "y": 1.4968044337900894, "z": 6.282443593179865, "ax": 0, "ay": 0, "az": 0, "h": 70, "q": 0, "ears": 50, "landscape": false, "mirror": true, "heightCtrl": false, "headCtrl": true, "yaw": 0, "time": 1674755553026, "portrait": true}}
{"event": "device_motion", "data": {"x": -0.036719483782342084, "y": 1.4969087319907242, "z": 6.282451645923813, "ax": 0, "ay": 0, "az": 0, "h": 70, "q": 0, "ears": 50, "landscape": false, "mirror": true, "heightCtrl": false, "headCtrl": true, "yaw": 0, "time": 1674755553096, "portrait": true}}
{"event": "device_motion", "data": {"x": -0.03675814669841969, "y": 1.4969024254906802, "z": 6.2825195811753245, "ax": 0, "ay": 0, "az": 0, "h": 70, "q": 0, "ears": 50, "landscape": false, "mirror": true, "heightCtrl": false, "headCtrl": true, "yaw": 0, "time": 1674755553167, "portrait": true}}
{"event": "device_motion", "data": {"x": -0.03673820903550188, "y": 1.4969804698469018, "z": 6.282618667954553, "ax": 0, "ay": 0, "az": 0, "h": 70, "q": 0, "ears": 50, "landscape": false, "mirror": true, "heightCtrl": false, "headCtrl": true, "yaw": 0, "time": 1674755553220, "portrait": true}}
{"event": "device_motion", "data": {"x": -0.03684518130040574, "y": 1.4971510012396658, "z": 6.282635079428452, "ax": 0, "ay": 0, "az": 0, "h": 70, "q": 0, "ears": 50, "landscape": false, "mirror": true, "heightCtrl": false, "headCtrl": true, "yaw": 0, "time": 1674755553279, "portrait": true}}
{"event": "device_motion", "data": {"x": -0.03675343702640914, "y": 1.4970719508205914, "z": 6.282593578425139, "ax": 0, "ay": 0, "az": 0, "h": 70, "q": 0, "ears": 50, "landscape": false, "mirror": true, "heightCtrl": false, "headCtrl": true, "yaw": 0, "time": 1674755553461,