{"event": "device_motion", "data": {"x": -0.03668316843510507, "y": 1.4998817358238214, "z": 4.675516085440149, "ax": 0, "ay": 0, "az": 0, "h": 70, "q": 0, "ears": 50, "landscape": false, "mirror": true, "heightCtrl": false, "headCtrl": true, "yaw": 0, "time": 1674754208, "portrait": true}}
{"event": "device_motion", "data": {"x": -0.036314167230445324, "y": 1.5003372270612365, "z": 4.675774597993922, "ax": 0, "ay": 0, "az": 0, "h": 70, "q": 0, "ears": 50, "landscape": false, "mirror": true, "heightCtrl": false, "headCtrl": true, "yaw": 0, "time": 1674754208, "portrait": true}}
{"event": "device_motion", "data": {"x": -0.03657106569975226, "y": 1.4999355089982052, "z": 4.67617301687231, "ax": 0, "ay": 0, "az": 0, "h": 70, "q": 0, "ears": 50, "landscape": false, "mirror": true, "heightCtrl": false, "headCtrl": true, "yaw": 0, "time": 1674754208, "portrait": true}}
{"event": "device_motion", "data": {"x": -0.036438417680797655, "y": 1.5003035886908802, "z": 4.675691309665225, "ax": 0, "ay": 0, "az": 0, "h": 70, "q": 0, "ears": 50, "landscape": false, "mirror": true, "heightCtrl": false, "headCtrl": true, "yaw": 0, "time": 1674754208, "portrait": true}}
{"event": "device_motion", "data": {"x": -0.036374845987599026, "y": 1.5000366473137619, "z": 4.675944944859132, "ax": 0, "ay": 0, "az": 0, "h": 70, "q": 0, "ears": 50, "landscape": false, "mirror": true, "heightCtrl": false, "headCtrl": true, "yaw": 0, "time": 1674754208, "portrait": true}}
{"event": "device_motion", "data": {"x": -0.03613768760318122, "y": 1.5001143927204637, "z": 4.675947820738388, "ax": 0, "ay": 0, "az": 0, "h": 70, "q": 0, "ears": 50, "landscape": false, "mirror": true, "heightCtrl": false, "headCtrl": true, "yaw": 0, "time": 1674754208, "portrait": true}}
{"event": "device_motion", "data": {"x": -0.036139448762709615, "y": 1.5003882688886234, "z": 4.675853206377455, "ax": 0, "ay": 0, "az": 0, "h": 70, "q": 0, "ears": 50, "landscape": false, "mirror": true, "heightCtrl": false, "headCtrl": true, "yaw": 0, "time": 1674754208, "portrait": true}}
{"event": "device_motion", "data": {"x": -0.0361751666589441, "y": 1.4999540164376137, "z": 4.676088189293494, "ax": 0, "ay": 0, "az": 0, "h": 70, "q": 0, "ears": 50, "landscape": false, "mirror": true, "heightCtrl": false, "headCtrl": true, "yaw": 0, "time": 1674754208, "portrait": true}}
{"event": "device_motion", "data": {"x": -0.03611637075582702, "y": 1.5002542189612762, "z": 4.6760885446467615, "ax": 0, "ay": 0, "az": 0, "h": 70, "q": 0, "ears": 50, "landscape": false, "mirror": true, "heightCtrl": false, "headCtrl": true, "yaw": 0, "time": 1674754208, "portrait": true}}
{"event": "device_motion", "data": {"x": -0.03611779759341399, "y": 1.5002603799853165, "z": 4.675985228340696, "ax": 0, "ay": 0, "az": 0, "h": 70, "q": 0, "ears": 50, "landscape": false, "mirror": true, "heightCtrl": false, "headCtrl": true, "yaw": 0, "time": 1674754209, "portrait": true}}
{"event": "device_motion", "data": {"x": -0.03595084173581371, "y": 1.5001203444246105, "z": 4.676093030652096, "ax": 0, "ay": 0, "az": 0, "h": 70, "q": 0, "ears": 50, "landscape": false, "mirror": true, "heightCtrl": false, "headCtrl": true, "yaw": 0, "time": 1674754209, "portrait": true}}
{"event": "device_motion", "data": {"x": -0.03606978970928358, "y": 1.4999633523181934, "z": 4.676039751449884, "ax": 0, "ay": 0, "az": 0, "h": 70, "q": 0, "ears": 50, "landscape": false, "mirror": true, "heightCtrl": false, "headCtrl": true, "yaw": 0, "time": 1674754209, "portrait": true}}
{"event": "device_motion", "data": {"x": -0.03603254142574232, "y": 1.5002203370574385, "z": 4.676082863266187, "ax": 0, "ay": 0, "az": 0, "h": 70, "q": 0, "ears": 50, "landscape": false, "mirror": true, "heightCtrl": false, "headCtrl": true, "yaw": 0, "time": 1674754209, "portrait": true}}
{"event": "device_motion", "data": {"x": -0.03588704196398652, "y": 1.5000417533269474, "z": 4.676246209914778, "ax": 0, "ay": 0, "az": 0, "h": 70, "q": 0, "ears": 50, "landscape": false, "mirror": true, "heightCtrl": false, "headCtrl": true, "yaw": 0, "time": 1674754209, "portrait": true}}
{"event": "device_motion", "data": {"x": -0.03607317935405036, "y": 1.5004725691716048, "z": 4.676193654330252, "ax": 0, "ay": 0, "az": 0, "h": 70, "q": 0, "ears": 50, "landscape": false, "mirror": true, "heightCtrl": false, "headCtrl": true, "yaw": 0, "time": 1674754209, "portrait": true}}
{"event": "device_motion", "data": {"x": -0.036209387160833155, "y": 1.5003100274052672, "z": 4.676047430078303, "ax": 0, "ay": 0, "az": 0, "h": 70, "q": 0, "ears": 50, "landscape": false, "mirror": true, "heightCtrl": false, "headCtrl": true, "yaw": 0, "time": 1674754209, "portrait": true}}
{"event": "device_motion", "data": {"x": -0.03631104628289674, "y": 1.5002880007768802, "z": 4.675773333730454, "ax": 0, "ay": 0, "az": 0, "h": 70, "q": 0, "ears": 50, "landscape": false, "mirror": true, "heightCtrl": false, "headCtrl": true, "yaw": 0, "time": 1674754209, "portrait": true}}
{"event": "device_motion", "data": {"x": -0.03610444321468375, "y": 1.4998126002977907, "z": 4.676296910021503, "ax": 0, "ay": 0, "az": 0, "h": 70, "q": 0, "ears": 50, "landscape": false, "mirror": true, "heightCtrl": false, "headCtrl": true, "yaw": 0, "time": 1674754209, "portrait": true}}
{"event": "device_motion", "data": {"x": -0.0362609097524537, "y": 1.5003756814535842, "z": 4.676257302609793, "ax": 0, "ay": 0, "az": 0, "h": 70, "q": 0, "ears": 50, "landscape": false, "mirror": true, "heightCtrl": false, "headCtrl": true, "yaw": 0, "time": 1674754209, "portrait": true}}
{"event": "device_motion", "data": {"x": -0.0365506351082009, "y": 1.5003864306347743, "z": 4.676645043388454, "ax": 0, "ay": 0, "az": 0, "h": 70, "q": 0, "ears": 50, "landscape": false, "mirror": true, "heightCtrl": false, "headCtrl": true, "yaw": 0, "time": 1674754209, "portrait": true}}
{"event": "device_motion", "data": {"x": -0.036483796344444396, "y": 1.5006961959688312, "z": 4.675839476195326, "ax": 0, "ay": 0, "az": 0, "h": 70, "q": 0, "ears": 50, "landscape": false, "mirror": true, "heightCtrl": false, "headCtrl": true, "yaw": 0, "time": 1674754209, "portrait": true}}
